,0,1,SAL_CODE
0,Alexander Heights,https://www.abs.gov.au/census/find-census-data/community-profiles/2021/SAL50008/download/GCP_SAL50008.xlsx,50008
1,Alfred Cove,https://www.abs.gov.au/census/find-census-data/community-profiles/2021/SAL50010/download/GCP_SAL50010.xlsx,50010
2,Alkimos,https://www.abs.gov.au/census/find-census-data/community-profiles/2021/SAL50011/download/GCP_SAL50011.xlsx,50011
3,Anketell,https://www.abs.gov.au/census/find-census-data/community-profiles/2021/SAL50019/download/GCP_SAL50019.xlsx,50019
4,Applecross,https://www.abs.gov.au/census/find-census-data/community-profiles/2021/SAL50022/download/GCP_SAL50022.xlsx,50022
5,Ardross,https://www.abs.gov.au/census/find-census-data/community-profiles/2021/SAL50024/download/GCP_SAL50024.xlsx,50024
6,Armadale,https://www.abs.gov.au/census/find-census-data/community-profiles/2021/SAL50026/download/GCP_SAL50026.xlsx,50026
7,Ascot,https://www.abs.gov.au/census/find-census-data/community-profiles/2021/SAL50031/download/GCP_SAL50031.xlsx,50031
8,Ashby,https://www.abs.gov.au/census/find-census-data/community-profiles/2021/SAL50032/download/GCP_SAL50032.xlsx,50032
9,Ashfield,https://www.abs.gov.au/census/find-census-data/community-profiles/2021/SAL50034/download/GCP_SAL50034.xlsx,50034
10,Attadale,https://www.abs.gov.au/census/find-census-data/community-profiles/2021/SAL50035/download/GCP_SAL50035.xlsx,50035
11,Atwell,https://www.abs.gov.au/census/find-census-data/community-profiles/2021/SAL50036/download/GCP_SAL50036.xlsx,50036
12,Aubin Grove,https://www.abs.gov.au/census/find-census-data/community-profiles/2021/SAL50037/download/GCP_SAL50037.xlsx,50037
13,Aveley,https://www.abs.gov.au/census/find-census-data/community-profiles/2021/SAL50040/download/GCP_SAL50040.xlsx,50040
14,Bailup,https://www.abs.gov.au/census/find-census-data/community-profiles/2021/SAL50050/download/GCP_SAL50050.xlsx,50050
15,Balcatta,https://www.abs.gov.au/census/find-census-data/community-profiles/2021/SAL50053/download/GCP_SAL50053.xlsx,50053
16,Baldivis,https://www.abs.gov.au/census/find-census-data/community-profiles/2021/SAL50054/download/GCP_SAL50054.xlsx,50054
17,Balga,https://www.abs.gov.au/census/find-census-data/community-profiles/2021/SAL50055/download/GCP_SAL50055.xlsx,50055
18,Ballajura,https://www.abs.gov.au/census/find-census-data/community-profiles/2021/SAL50061/download/GCP_SAL50061.xlsx,50061
19,Banjup,https://www.abs.gov.au/census/find-census-data/community-profiles/2021/SAL50068/download/GCP_SAL50068.xlsx,50068
20,Banksia Grove,https://www.abs.gov.au/census/find-census-data/community-profiles/2021/SAL50069/download/GCP_SAL50069.xlsx,50069
21,Baskerville,https://www.abs.gov.au/census/find-census-data/community-profiles/2021/SAL50077/download/GCP_SAL50077.xlsx,50077
22,Bassendean,https://www.abs.gov.au/census/find-census-data/community-profiles/2021/SAL50078/download/GCP_SAL50078.xlsx,50078
23,Bateman,https://www.abs.gov.au/census/find-census-data/community-profiles/2021/SAL50079/download/GCP_SAL50079.xlsx,50079
24,Bayswater,https://www.abs.gov.au/census/find-census-data/community-profiles/2021/SAL50083/download/GCP_SAL50083.xlsx,50083
25,Beaconsfield,https://www.abs.gov.au/census/find-census-data/community-profiles/2021/SAL50086/download/GCP_SAL50086.xlsx,50086
26,Beckenham,https://www.abs.gov.au/census/find-census-data/community-profiles/2021/SAL50090/download/GCP_SAL50090.xlsx,50090
27,Bedford,https://www.abs.gov.au/census/find-census-data/community-profiles/2021/SAL50091/download/GCP_SAL50091.xlsx,50091
28,Bedfordale,https://www.abs.gov.au/census/find-census-data/community-profiles/2021/SAL50092/download/GCP_SAL50092.xlsx,50092
29,Beechboro,https://www.abs.gov.au/census/find-census-data/community-profiles/2021/SAL50093/download/GCP_SAL50093.xlsx,50093
30,Beechina,https://www.abs.gov.au/census/find-census-data/community-profiles/2021/SAL50094/download/GCP_SAL50094.xlsx,50094
31,Beeliar,https://www.abs.gov.au/census/find-census-data/community-profiles/2021/SAL50098/download/GCP_SAL50098.xlsx,50098
32,Beldon,https://www.abs.gov.au/census/find-census-data/community-profiles/2021/SAL50102/download/GCP_SAL50102.xlsx,50102
33,Belhus,https://www.abs.gov.au/census/find-census-data/community-profiles/2021/SAL50103/download/GCP_SAL50103.xlsx,50103
34,Bellevue,https://www.abs.gov.au/census/find-census-data/community-profiles/2021/SAL50104/download/GCP_SAL50104.xlsx,50104
35,Belmont,https://www.abs.gov.au/census/find-census-data/community-profiles/2021/SAL50105/download/GCP_SAL50105.xlsx,50105
36,Bennett Springs,https://www.abs.gov.au/census/find-census-data/community-profiles/2021/SAL50110/download/GCP_SAL50110.xlsx,50110
37,Bentley,https://www.abs.gov.au/census/find-census-data/community-profiles/2021/SAL50111/download/GCP_SAL50111.xlsx,50111
38,Bertram,https://www.abs.gov.au/census/find-census-data/community-profiles/2021/SAL50115/download/GCP_SAL50115.xlsx,50115
39,Bibra Lake,https://www.abs.gov.au/census/find-census-data/community-profiles/2021/SAL50117/download/GCP_SAL50117.xlsx,50117
40,Bickley,https://www.abs.gov.au/census/find-census-data/community-profiles/2021/SAL50118/download/GCP_SAL50118.xlsx,50118
41,Bicton,https://www.abs.gov.au/census/find-census-data/community-profiles/2021/SAL50119/download/GCP_SAL50119.xlsx,50119
42,Booragoon,https://www.abs.gov.au/census/find-census-data/community-profiles/2021/SAL50148/download/GCP_SAL50148.xlsx,50148
43,Bouvard,https://www.abs.gov.au/census/find-census-data/community-profiles/2021/SAL50161/download/GCP_SAL50161.xlsx,50161
44,Boya,https://www.abs.gov.au/census/find-census-data/community-profiles/2021/SAL50168/download/GCP_SAL50168.xlsx,50168
45,Brabham,https://www.abs.gov.au/census/find-census-data/community-profiles/2021/SAL50173/download/GCP_SAL50173.xlsx,50173
46,Brentwood,https://www.abs.gov.au/census/find-census-data/community-profiles/2021/SAL50178/download/GCP_SAL50178.xlsx,50178
47,Brigadoon,https://www.abs.gov.au/census/find-census-data/community-profiles/2021/SAL50181/download/GCP_SAL50181.xlsx,50181
48,Brookdale,https://www.abs.gov.au/census/find-census-data/community-profiles/2021/SAL50187/download/GCP_SAL50187.xlsx,50187
49,Bull Creek,https://www.abs.gov.au/census/find-census-data/community-profiles/2021/SAL50201/download/GCP_SAL50201.xlsx,50201
50,Bullsbrook,https://www.abs.gov.au/census/find-census-data/community-profiles/2021/SAL50207/download/GCP_SAL50207.xlsx,50207
51,Burns Beach,https://www.abs.gov.au/census/find-census-data/community-profiles/2021/SAL50221/download/GCP_SAL50221.xlsx,50221
52,Burswood,https://www.abs.gov.au/census/find-census-data/community-profiles/2021/SAL50226/download/GCP_SAL50226.xlsx,50226
53,Butler,https://www.abs.gov.au/census/find-census-data/community-profiles/2021/SAL50229/download/GCP_SAL50229.xlsx,50229
54,Byford,https://www.abs.gov.au/census/find-census-data/community-profiles/2021/SAL50230/download/GCP_SAL50230.xlsx,50230
55,Calista,https://www.abs.gov.au/census/find-census-data/community-profiles/2021/SAL50235/download/GCP_SAL50235.xlsx,50235
56,Camillo,https://www.abs.gov.au/census/find-census-data/community-profiles/2021/SAL50240/download/GCP_SAL50240.xlsx,50240
57,Canning Mills,https://www.abs.gov.au/census/find-census-data/community-profiles/2021/SAL50244/download/GCP_SAL50244.xlsx,50244
58,Canning Vale,https://www.abs.gov.au/census/find-census-data/community-profiles/2021/SAL50245/download/GCP_SAL50245.xlsx,50245
59,Cannington,https://www.abs.gov.au/census/find-census-data/community-profiles/2021/SAL50246/download/GCP_SAL50246.xlsx,50246
60,Carabooda,https://www.abs.gov.au/census/find-census-data/community-profiles/2021/SAL50255/download/GCP_SAL50255.xlsx,50255
61,Cardup,https://www.abs.gov.au/census/find-census-data/community-profiles/2021/SAL50260/download/GCP_SAL50260.xlsx,50260
62,Carine,https://www.abs.gov.au/census/find-census-data/community-profiles/2021/SAL50262/download/GCP_SAL50262.xlsx,50262
63,Carlisle,https://www.abs.gov.au/census/find-census-data/community-profiles/2021/SAL50263/download/GCP_SAL50263.xlsx,50263
64,Carmel,https://www.abs.gov.au/census/find-census-data/community-profiles/2021/SAL50265/download/GCP_SAL50265.xlsx,50265
65,Carramar,https://www.abs.gov.au/census/find-census-data/community-profiles/2021/SAL50269/download/GCP_SAL50269.xlsx,50269
66,Casuarina,https://www.abs.gov.au/census/find-census-data/community-profiles/2021/SAL50274/download/GCP_SAL50274.xlsx,50274
67,Caversham,https://www.abs.gov.au/census/find-census-data/community-profiles/2021/SAL50277/download/GCP_SAL50277.xlsx,50277
68,Champion Lakes,https://www.abs.gov.au/census/find-census-data/community-profiles/2021/SAL50281/download/GCP_SAL50281.xlsx,50281
69,Chidlow,https://www.abs.gov.au/census/find-census-data/community-profiles/2021/SAL50290/download/GCP_SAL50290.xlsx,50290
70,Churchlands,https://www.abs.gov.au/census/find-census-data/community-profiles/2021/SAL50293/download/GCP_SAL50293.xlsx,50293
71,City Beach,https://www.abs.gov.au/census/find-census-data/community-profiles/2021/SAL50294/download/GCP_SAL50294.xlsx,50294
72,Claremont,https://www.abs.gov.au/census/find-census-data/community-profiles/2021/SAL50296/download/GCP_SAL50296.xlsx,50296
73,Clarkson,https://www.abs.gov.au/census/find-census-data/community-profiles/2021/SAL50297/download/GCP_SAL50297.xlsx,50297
74,Cloverdale,https://www.abs.gov.au/census/find-census-data/community-profiles/2021/SAL50301/download/GCP_SAL50301.xlsx,50301
75,Cockburn Central,https://www.abs.gov.au/census/find-census-data/community-profiles/2021/SAL50304/download/GCP_SAL50304.xlsx,50304
76,Como,https://www.abs.gov.au/census/find-census-data/community-profiles/2021/SAL50316/download/GCP_SAL50316.xlsx,50316
77,Connolly,https://www.abs.gov.au/census/find-census-data/community-profiles/2021/SAL50318/download/GCP_SAL50318.xlsx,50318
78,Coodanup,https://www.abs.gov.au/census/find-census-data/community-profiles/2021/SAL50320/download/GCP_SAL50320.xlsx,50320
79,Coogee,https://www.abs.gov.au/census/find-census-data/community-profiles/2021/SAL50321/download/GCP_SAL50321.xlsx,50321
80,Coolbellup,https://www.abs.gov.au/census/find-census-data/community-profiles/2021/SAL50324/download/GCP_SAL50324.xlsx,50324
81,Coolbinia,https://www.abs.gov.au/census/find-census-data/community-profiles/2021/SAL50325/download/GCP_SAL50325.xlsx,50325
82,Cooloongup,https://www.abs.gov.au/census/find-census-data/community-profiles/2021/SAL50329/download/GCP_SAL50329.xlsx,50329
83,Cottesloe,https://www.abs.gov.au/census/find-census-data/community-profiles/2021/SAL50343/download/GCP_SAL50343.xlsx,50343
84,Craigie,https://www.abs.gov.au/census/find-census-data/community-profiles/2021/SAL50350/download/GCP_SAL50350.xlsx,50350
85,Crawley,https://www.abs.gov.au/census/find-census-data/community-profiles/2021/SAL50353/download/GCP_SAL50353.xlsx,50353
86,Cullacabardee,https://www.abs.gov.au/census/find-census-data/community-profiles/2021/SAL50361/download/GCP_SAL50361.xlsx,50361
87,Currambine,https://www.abs.gov.au/census/find-census-data/community-profiles/2021/SAL50367/download/GCP_SAL50367.xlsx,50367
88,Daglish,https://www.abs.gov.au/census/find-census-data/community-profiles/2021/SAL50371/download/GCP_SAL50371.xlsx,50371
89,Dalkeith,https://www.abs.gov.au/census/find-census-data/community-profiles/2021/SAL50374/download/GCP_SAL50374.xlsx,50374
90,Darch,https://www.abs.gov.au/census/find-census-data/community-profiles/2021/SAL50384/download/GCP_SAL50384.xlsx,50384
91,Darling Downs,https://www.abs.gov.au/census/find-census-data/community-profiles/2021/SAL50389/download/GCP_SAL50389.xlsx,50389
92,Darlington,https://www.abs.gov.au/census/find-census-data/community-profiles/2021/SAL50390/download/GCP_SAL50390.xlsx,50390
93,Dawesville,https://www.abs.gov.au/census/find-census-data/community-profiles/2021/SAL50396/download/GCP_SAL50396.xlsx,50396
94,Dayton,https://www.abs.gov.au/census/find-census-data/community-profiles/2021/SAL50397/download/GCP_SAL50397.xlsx,50397
95,Dianella,https://www.abs.gov.au/census/find-census-data/community-profiles/2021/SAL50409/download/GCP_SAL50409.xlsx,50409
96,Doubleview,https://www.abs.gov.au/census/find-census-data/community-profiles/2021/SAL50423/download/GCP_SAL50423.xlsx,50423
97,Dudley Park,https://www.abs.gov.au/census/find-census-data/community-profiles/2021/SAL50431/download/GCP_SAL50431.xlsx,50431
98,Duncraig,https://www.abs.gov.au/census/find-census-data/community-profiles/2021/SAL50438/download/GCP_SAL50438.xlsx,50438
99,East Cannington,https://www.abs.gov.au/census/find-census-data/community-profiles/2021/SAL50453/download/GCP_SAL50453.xlsx,50453
100,East Fremantle,https://www.abs.gov.au/census/find-census-data/community-profiles/2021/SAL50457/download/GCP_SAL50457.xlsx,50457
101,East Perth,https://www.abs.gov.au/census/find-census-data/community-profiles/2021/SAL50464/download/GCP_SAL50464.xlsx,50464
102,East Rockingham,https://www.abs.gov.au/census/find-census-data/community-profiles/2021/SAL50467/download/GCP_SAL50467.xlsx,50467
103,East Victoria Park,https://www.abs.gov.au/census/find-census-data/community-profiles/2021/SAL50468/download/GCP_SAL50468.xlsx,50468
104,Eden Hill,https://www.abs.gov.au/census/find-census-data/community-profiles/2021/SAL50473/download/GCP_SAL50473.xlsx,50473
105,Edgewater,https://www.abs.gov.au/census/find-census-data/community-profiles/2021/SAL50474/download/GCP_SAL50474.xlsx,50474
106,Eglinton,https://www.abs.gov.au/census/find-census-data/community-profiles/2021/SAL50476/download/GCP_SAL50476.xlsx,50476
107,Ellenbrook,https://www.abs.gov.au/census/find-census-data/community-profiles/2021/SAL50482/download/GCP_SAL50482.xlsx,50482
108,Embleton,https://www.abs.gov.au/census/find-census-data/community-profiles/2021/SAL50484/download/GCP_SAL50484.xlsx,50484
109,Erskine,https://www.abs.gov.au/census/find-census-data/community-profiles/2021/SAL50491/download/GCP_SAL50491.xlsx,50491
110,Falcon,https://www.abs.gov.au/census/find-census-data/community-profiles/2021/SAL50500/download/GCP_SAL50500.xlsx,50500
111,Ferndale,https://www.abs.gov.au/census/find-census-data/community-profiles/2021/SAL50502/download/GCP_SAL50502.xlsx,50502
112,Floreat,https://www.abs.gov.au/census/find-census-data/community-profiles/2021/SAL50510/download/GCP_SAL50510.xlsx,50510
113,Forrestdale,https://www.abs.gov.au/census/find-census-data/community-profiles/2021/SAL50517/download/GCP_SAL50517.xlsx,50517
114,Forrestfield,https://www.abs.gov.au/census/find-census-data/community-profiles/2021/SAL50518/download/GCP_SAL50518.xlsx,50518
115,Fremantle,https://www.abs.gov.au/census/find-census-data/community-profiles/2021/SAL50522/download/GCP_SAL50522.xlsx,50522
116,Garden Island,https://www.abs.gov.au/census/find-census-data/community-profiles/2021/SAL50529/download/GCP_SAL50529.xlsx,50529
117,Gidgegannup,https://www.abs.gov.au/census/find-census-data/community-profiles/2021/SAL50542/download/GCP_SAL50542.xlsx,50542
118,Girrawheen,https://www.abs.gov.au/census/find-census-data/community-profiles/2021/SAL50550/download/GCP_SAL50550.xlsx,50550
119,Glen Forrest,https://www.abs.gov.au/census/find-census-data/community-profiles/2021/SAL50552/download/GCP_SAL50552.xlsx,50552
120,Glendalough,https://www.abs.gov.au/census/find-census-data/community-profiles/2021/SAL50556/download/GCP_SAL50556.xlsx,50556
121,Gnangara,https://www.abs.gov.au/census/find-census-data/community-profiles/2021/SAL50561/download/GCP_SAL50561.xlsx,50561
122,Golden Bay,https://www.abs.gov.au/census/find-census-data/community-profiles/2021/SAL50566/download/GCP_SAL50566.xlsx,50566
123,Gooseberry Hill,https://www.abs.gov.au/census/find-census-data/community-profiles/2021/SAL50571/download/GCP_SAL50571.xlsx,50571
124,Gosnells,https://www.abs.gov.au/census/find-census-data/community-profiles/2021/SAL50574/download/GCP_SAL50574.xlsx,50574
125,Greenfields,https://www.abs.gov.au/census/find-census-data/community-profiles/2021/SAL50583/download/GCP_SAL50583.xlsx,50583
126,Greenmount,https://www.abs.gov.au/census/find-census-data/community-profiles/2021/SAL50585/download/GCP_SAL50585.xlsx,50585
127,Greenwood,https://www.abs.gov.au/census/find-census-data/community-profiles/2021/SAL50587/download/GCP_SAL50587.xlsx,50587
128,Guildford,https://www.abs.gov.au/census/find-census-data/community-profiles/2021/SAL50594/download/GCP_SAL50594.xlsx,50594
129,Gwelup,https://www.abs.gov.au/census/find-census-data/community-profiles/2021/SAL50599/download/GCP_SAL50599.xlsx,50599
130,Hacketts Gully,https://www.abs.gov.au/census/find-census-data/community-profiles/2021/SAL50601/download/GCP_SAL50601.xlsx,50601
131,Halls Head,https://www.abs.gov.au/census/find-census-data/community-profiles/2021/SAL50603/download/GCP_SAL50603.xlsx,50603
132,Hamersley,https://www.abs.gov.au/census/find-census-data/community-profiles/2021/SAL50607/download/GCP_SAL50607.xlsx,50607
133,Hamilton Hill,https://www.abs.gov.au/census/find-census-data/community-profiles/2021/SAL50609/download/GCP_SAL50609.xlsx,50609
134,Hammond Park,https://www.abs.gov.au/census/find-census-data/community-profiles/2021/SAL50610/download/GCP_SAL50610.xlsx,50610
135,Harrisdale,https://www.abs.gov.au/census/find-census-data/community-profiles/2021/SAL50613/download/GCP_SAL50613.xlsx,50613
136,Haynes,https://www.abs.gov.au/census/find-census-data/community-profiles/2021/SAL50619/download/GCP_SAL50619.xlsx,50619
137,Hazelmere,https://www.abs.gov.au/census/find-census-data/community-profiles/2021/SAL50620/download/GCP_SAL50620.xlsx,50620
138,Heathridge,https://www.abs.gov.au/census/find-census-data/community-profiles/2021/SAL50622/download/GCP_SAL50622.xlsx,50622
139,Helena Valley,https://www.abs.gov.au/census/find-census-data/community-profiles/2021/SAL50623/download/GCP_SAL50623.xlsx,50623
140,Henderson,https://www.abs.gov.au/census/find-census-data/community-profiles/2021/SAL50624/download/GCP_SAL50624.xlsx,50624
141,Henley Brook,https://www.abs.gov.au/census/find-census-data/community-profiles/2021/SAL50625/download/GCP_SAL50625.xlsx,50625
142,Herne Hill,https://www.abs.gov.au/census/find-census-data/community-profiles/2021/SAL50628/download/GCP_SAL50628.xlsx,50628
143,Herron,https://www.abs.gov.au/census/find-census-data/community-profiles/2021/SAL50629/download/GCP_SAL50629.xlsx,50629
144,High Wycombe,https://www.abs.gov.au/census/find-census-data/community-profiles/2021/SAL50633/download/GCP_SAL50633.xlsx,50633
145,Highgate,https://www.abs.gov.au/census/find-census-data/community-profiles/2021/SAL50635/download/GCP_SAL50635.xlsx,50635
146,Hilbert,https://www.abs.gov.au/census/find-census-data/community-profiles/2021/SAL50636/download/GCP_SAL50636.xlsx,50636
147,Hillarys,https://www.abs.gov.au/census/find-census-data/community-profiles/2021/SAL50638/download/GCP_SAL50638.xlsx,50638
148,Hillman,https://www.abs.gov.au/census/find-census-data/community-profiles/2021/SAL50639/download/GCP_SAL50639.xlsx,50639
149,Hilton,https://www.abs.gov.au/census/find-census-data/community-profiles/2021/SAL50641/download/GCP_SAL50641.xlsx,50641
150,Hocking,https://www.abs.gov.au/census/find-census-data/community-profiles/2021/SAL50645/download/GCP_SAL50645.xlsx,50645
151,Hope Valley,https://www.abs.gov.au/census/find-census-data/community-profiles/2021/SAL50652/download/GCP_SAL50652.xlsx,50652
152,Hopeland,https://www.abs.gov.au/census/find-census-data/community-profiles/2021/SAL50653/download/GCP_SAL50653.xlsx,50653
153,Hovea,https://www.abs.gov.au/census/find-census-data/community-profiles/2021/SAL50657/download/GCP_SAL50657.xlsx,50657
154,Huntingdale,https://www.abs.gov.au/census/find-census-data/community-profiles/2021/SAL50661/download/GCP_SAL50661.xlsx,50661
155,Iluka,https://www.abs.gov.au/census/find-census-data/community-profiles/2021/SAL50664/download/GCP_SAL50664.xlsx,50664
156,Inglewood,https://www.abs.gov.au/census/find-census-data/community-profiles/2021/SAL50668/download/GCP_SAL50668.xlsx,50668
157,Innaloo,https://www.abs.gov.au/census/find-census-data/community-profiles/2021/SAL50670/download/GCP_SAL50670.xlsx,50670
158,Jandabup,https://www.abs.gov.au/census/find-census-data/community-profiles/2021/SAL50681/download/GCP_SAL50681.xlsx,50681
159,Jandakot,https://www.abs.gov.au/census/find-census-data/community-profiles/2021/SAL50682/download/GCP_SAL50682.xlsx,50682
160,Jane Brook,https://www.abs.gov.au/census/find-census-data/community-profiles/2021/SAL50683/download/GCP_SAL50683.xlsx,50683
161,Jarrahdale,https://www.abs.gov.au/census/find-census-data/community-profiles/2021/SAL50686/download/GCP_SAL50686.xlsx,50686
162,Jindalee,https://www.abs.gov.au/census/find-census-data/community-profiles/2021/SAL50696/download/GCP_SAL50696.xlsx,50696
163,Jolimont,https://www.abs.gov.au/census/find-census-data/community-profiles/2021/SAL50700/download/GCP_SAL50700.xlsx,50700
164,Joondalup,https://www.abs.gov.au/census/find-census-data/community-profiles/2021/SAL50701/download/GCP_SAL50701.xlsx,50701
165,Joondanna,https://www.abs.gov.au/census/find-census-data/community-profiles/2021/SAL50702/download/GCP_SAL50702.xlsx,50702
166,Kalamunda,https://www.abs.gov.au/census/find-census-data/community-profiles/2021/SAL50707/download/GCP_SAL50707.xlsx,50707
167,Kallaroo,https://www.abs.gov.au/census/find-census-data/community-profiles/2021/SAL50714/download/GCP_SAL50714.xlsx,50714
168,Karawara,https://www.abs.gov.au/census/find-census-data/community-profiles/2021/SAL50724/download/GCP_SAL50724.xlsx,50724
169,Kardinya,https://www.abs.gov.au/census/find-census-data/community-profiles/2021/SAL50725/download/GCP_SAL50725.xlsx,50725
170,Karnup,https://www.abs.gov.au/census/find-census-data/community-profiles/2021/SAL50731/download/GCP_SAL50731.xlsx,50731
171,Karragullen,https://www.abs.gov.au/census/find-census-data/community-profiles/2021/SAL50732/download/GCP_SAL50732.xlsx,50732
172,Karrakatta,https://www.abs.gov.au/census/find-census-data/community-profiles/2021/SAL50733/download/GCP_SAL50733.xlsx,50733
173,Karrakup,https://www.abs.gov.au/census/find-census-data/community-profiles/2021/SAL50734/download/GCP_SAL50734.xlsx,50734
174,Karrinyup,https://www.abs.gov.au/census/find-census-data/community-profiles/2021/SAL50740/download/GCP_SAL50740.xlsx,50740
175,Kelmscott,https://www.abs.gov.au/census/find-census-data/community-profiles/2021/SAL50748/download/GCP_SAL50748.xlsx,50748
176,Kensington,https://www.abs.gov.au/census/find-census-data/community-profiles/2021/SAL50752/download/GCP_SAL50752.xlsx,50752
177,Kenwick,https://www.abs.gov.au/census/find-census-data/community-profiles/2021/SAL50754/download/GCP_SAL50754.xlsx,50754
178,Kewdale,https://www.abs.gov.au/census/find-census-data/community-profiles/2021/SAL50756/download/GCP_SAL50756.xlsx,50756
179,Keysbrook,https://www.abs.gov.au/census/find-census-data/community-profiles/2021/SAL50757/download/GCP_SAL50757.xlsx,50757
180,Kiara,https://www.abs.gov.au/census/find-census-data/community-profiles/2021/SAL50758/download/GCP_SAL50758.xlsx,50758
181,Kingsley,https://www.abs.gov.au/census/find-census-data/community-profiles/2021/SAL50764/download/GCP_SAL50764.xlsx,50764
182,Kinross,https://www.abs.gov.au/census/find-census-data/community-profiles/2021/SAL50766/download/GCP_SAL50766.xlsx,50766
183,Koondoola,https://www.abs.gov.au/census/find-census-data/community-profiles/2021/SAL50781/download/GCP_SAL50781.xlsx,50781
184,Koongamia,https://www.abs.gov.au/census/find-census-data/community-profiles/2021/SAL50782/download/GCP_SAL50782.xlsx,50782
185,Kwinana Beach,https://www.abs.gov.au/census/find-census-data/community-profiles/2021/SAL50805/download/GCP_SAL50805.xlsx,50805
186,Kwinana Town Centre,https://www.abs.gov.au/census/find-census-data/community-profiles/2021/SAL50806/download/GCP_SAL50806.xlsx,50806
187,Lake Coogee,https://www.abs.gov.au/census/find-census-data/community-profiles/2021/SAL50816/download/GCP_SAL50816.xlsx,50816
188,Lakelands,https://www.abs.gov.au/census/find-census-data/community-profiles/2021/SAL50828/download/GCP_SAL50828.xlsx,50828
189,Landsdale,https://www.abs.gov.au/census/find-census-data/community-profiles/2021/SAL50831/download/GCP_SAL50831.xlsx,50831
190,Langford,https://www.abs.gov.au/census/find-census-data/community-profiles/2021/SAL50833/download/GCP_SAL50833.xlsx,50833
191,Lathlain,https://www.abs.gov.au/census/find-census-data/community-profiles/2021/SAL50835/download/GCP_SAL50835.xlsx,50835
192,Leda,https://www.abs.gov.au/census/find-census-data/community-profiles/2021/SAL50838/download/GCP_SAL50838.xlsx,50838
193,Leederville,https://www.abs.gov.au/census/find-census-data/community-profiles/2021/SAL50840/download/GCP_SAL50840.xlsx,50840
194,Leeming,https://www.abs.gov.au/census/find-census-data/community-profiles/2021/SAL50842/download/GCP_SAL50842.xlsx,50842
195,Lesmurdie,https://www.abs.gov.au/census/find-census-data/community-profiles/2021/SAL50849/download/GCP_SAL50849.xlsx,50849
196,Lexia,https://www.abs.gov.au/census/find-census-data/community-profiles/2021/SAL50850/download/GCP_SAL50850.xlsx,50850
197,Lockridge,https://www.abs.gov.au/census/find-census-data/community-profiles/2021/SAL50857/download/GCP_SAL50857.xlsx,50857
198,Lynwood,https://www.abs.gov.au/census/find-census-data/community-profiles/2021/SAL50871/download/GCP_SAL50871.xlsx,50871
199,Maddington,https://www.abs.gov.au/census/find-census-data/community-profiles/2021/SAL50873/download/GCP_SAL50873.xlsx,50873
200,Madeley,https://www.abs.gov.au/census/find-census-data/community-profiles/2021/SAL50874/download/GCP_SAL50874.xlsx,50874
201,Madora Bay,https://www.abs.gov.au/census/find-census-data/community-profiles/2021/SAL50875/download/GCP_SAL50875.xlsx,50875
202,Mahogany Creek,https://www.abs.gov.au/census/find-census-data/community-profiles/2021/SAL50879/download/GCP_SAL50879.xlsx,50879
203,Maida Vale,https://www.abs.gov.au/census/find-census-data/community-profiles/2021/SAL50881/download/GCP_SAL50881.xlsx,50881
204,Malaga,https://www.abs.gov.au/census/find-census-data/community-profiles/2021/SAL50884/download/GCP_SAL50884.xlsx,50884
205,Mandogalup,https://www.abs.gov.au/census/find-census-data/community-profiles/2021/SAL50889/download/GCP_SAL50889.xlsx,50889
206,Mandurah,https://www.abs.gov.au/census/find-census-data/community-profiles/2021/SAL50890/download/GCP_SAL50890.xlsx,50890
207,Manning,https://www.abs.gov.au/census/find-census-data/community-profiles/2021/SAL50893/download/GCP_SAL50893.xlsx,50893
208,Marangaroo,https://www.abs.gov.au/census/find-census-data/community-profiles/2021/SAL50896/download/GCP_SAL50896.xlsx,50896
209,Mardella,https://www.abs.gov.au/census/find-census-data/community-profiles/2021/SAL50901/download/GCP_SAL50901.xlsx,50901
210,Mariginiup,https://www.abs.gov.au/census/find-census-data/community-profiles/2021/SAL50904/download/GCP_SAL50904.xlsx,50904
211,Marmion,https://www.abs.gov.au/census/find-census-data/community-profiles/2021/SAL50905/download/GCP_SAL50905.xlsx,50905
212,Martin,https://www.abs.gov.au/census/find-census-data/community-profiles/2021/SAL50911/download/GCP_SAL50911.xlsx,50911
213,Maylands,https://www.abs.gov.au/census/find-census-data/community-profiles/2021/SAL50917/download/GCP_SAL50917.xlsx,50917
214,Meadow Springs,https://www.abs.gov.au/census/find-census-data/community-profiles/2021/SAL50922/download/GCP_SAL50922.xlsx,50922
215,Medina,https://www.abs.gov.au/census/find-census-data/community-profiles/2021/SAL50925/download/GCP_SAL50925.xlsx,50925
216,Melville,https://www.abs.gov.au/census/find-census-data/community-profiles/2021/SAL50932/download/GCP_SAL50932.xlsx,50932
217,Menora,https://www.abs.gov.au/census/find-census-data/community-profiles/2021/SAL50933/download/GCP_SAL50933.xlsx,50933
218,Merriwa,https://www.abs.gov.au/census/find-census-data/community-profiles/2021/SAL50939/download/GCP_SAL50939.xlsx,50939
219,Middle Swan,https://www.abs.gov.au/census/find-census-data/community-profiles/2021/SAL50944/download/GCP_SAL50944.xlsx,50944
220,Midland,https://www.abs.gov.au/census/find-census-data/community-profiles/2021/SAL50947/download/GCP_SAL50947.xlsx,50947
221,Midvale,https://www.abs.gov.au/census/find-census-data/community-profiles/2021/SAL50948/download/GCP_SAL50948.xlsx,50948
222,Millendon,https://www.abs.gov.au/census/find-census-data/community-profiles/2021/SAL50953/download/GCP_SAL50953.xlsx,50953
223,Mindarie,https://www.abs.gov.au/census/find-census-data/community-profiles/2021/SAL50960/download/GCP_SAL50960.xlsx,50960
224,Mirrabooka,https://www.abs.gov.au/census/find-census-data/community-profiles/2021/SAL50970/download/GCP_SAL50970.xlsx,50970
225,Morley,https://www.abs.gov.au/census/find-census-data/community-profiles/2021/SAL50998/download/GCP_SAL50998.xlsx,50998
226,Mosman Park,https://www.abs.gov.au/census/find-census-data/community-profiles/2021/SAL51000/download/GCP_SAL51000.xlsx,51000
227,Mount Claremont,https://www.abs.gov.au/census/find-census-data/community-profiles/2021/SAL51008/download/GCP_SAL51008.xlsx,51008
228,Mount Hawthorn,https://www.abs.gov.au/census/find-census-data/community-profiles/2021/SAL51015/download/GCP_SAL51015.xlsx,51015
229,Mount Helena,https://www.abs.gov.au/census/find-census-data/community-profiles/2021/SAL51016/download/GCP_SAL51016.xlsx,51016
230,Mount Lawley,https://www.abs.gov.au/census/find-census-data/community-profiles/2021/SAL51021/download/GCP_SAL51021.xlsx,51021
231,Mount Nasura,https://www.abs.gov.au/census/find-census-data/community-profiles/2021/SAL51026/download/GCP_SAL51026.xlsx,51026
232,Mount Pleasant,https://www.abs.gov.au/census/find-census-data/community-profiles/2021/SAL51030/download/GCP_SAL51030.xlsx,51030
233,Mount Richon,https://www.abs.gov.au/census/find-census-data/community-profiles/2021/SAL51031/download/GCP_SAL51031.xlsx,51031
234,Mullaloo,https://www.abs.gov.au/census/find-census-data/community-profiles/2021/SAL51047/download/GCP_SAL51047.xlsx,51047
235,Mundaring,https://www.abs.gov.au/census/find-census-data/community-profiles/2021/SAL51055/download/GCP_SAL51055.xlsx,51055
236,Mundijong,https://www.abs.gov.au/census/find-census-data/community-profiles/2021/SAL51056/download/GCP_SAL51056.xlsx,51056
237,Munster,https://www.abs.gov.au/census/find-census-data/community-profiles/2021/SAL51060/download/GCP_SAL51060.xlsx,51060
238,Murdoch,https://www.abs.gov.au/census/find-census-data/community-profiles/2021/SAL51064/download/GCP_SAL51064.xlsx,51064
239,Myaree,https://www.abs.gov.au/census/find-census-data/community-profiles/2021/SAL51069/download/GCP_SAL51069.xlsx,51069
240,Naval Base,https://www.abs.gov.au/census/find-census-data/community-profiles/2021/SAL51096/download/GCP_SAL51096.xlsx,51096
241,Nedlands,https://www.abs.gov.au/census/find-census-data/community-profiles/2021/SAL51098/download/GCP_SAL51098.xlsx,51098
242,Neerabup,https://www.abs.gov.au/census/find-census-data/community-profiles/2021/SAL51101/download/GCP_SAL51101.xlsx,51101
243,Nollamara,https://www.abs.gov.au/census/find-census-data/community-profiles/2021/SAL51122/download/GCP_SAL51122.xlsx,51122
244,Noranda,https://www.abs.gov.au/census/find-census-data/community-profiles/2021/SAL51124/download/GCP_SAL51124.xlsx,51124
245,North Beach,https://www.abs.gov.au/census/find-census-data/community-profiles/2021/SAL51130/download/GCP_SAL51130.xlsx,51130
246,North Coogee,https://www.abs.gov.au/census/find-census-data/community-profiles/2021/SAL51135/download/GCP_SAL51135.xlsx,51135
247,North Fremantle,https://www.abs.gov.au/census/find-census-data/community-profiles/2021/SAL51138/download/GCP_SAL51138.xlsx,51138
248,North Lake,https://www.abs.gov.au/census/find-census-data/community-profiles/2021/SAL51144/download/GCP_SAL51144.xlsx,51144
249,North Perth,https://www.abs.gov.au/census/find-census-data/community-profiles/2021/SAL51147/download/GCP_SAL51147.xlsx,51147
250,Northbridge,https://www.abs.gov.au/census/find-census-data/community-profiles/2021/SAL51159/download/GCP_SAL51159.xlsx,51159
251,Nowergup,https://www.abs.gov.au/census/find-census-data/community-profiles/2021/SAL51162/download/GCP_SAL51162.xlsx,51162
252,O'Connor,https://www.abs.gov.au/census/find-census-data/community-profiles/2021/SAL51172/download/GCP_SAL51172.xlsx,51172
253,Oakford,https://www.abs.gov.au/census/find-census-data/community-profiles/2021/SAL51174/download/GCP_SAL51174.xlsx,51174
254,Ocean Reef,https://www.abs.gov.au/census/find-census-data/community-profiles/2021/SAL51176/download/GCP_SAL51176.xlsx,51176
255,Oldbury,https://www.abs.gov.au/census/find-census-data/community-profiles/2021/SAL51179/download/GCP_SAL51179.xlsx,51179
256,Orange Grove,https://www.abs.gov.au/census/find-census-data/community-profiles/2021/SAL51185/download/GCP_SAL51185.xlsx,51185
257,Orelia,https://www.abs.gov.au/census/find-census-data/community-profiles/2021/SAL51189/download/GCP_SAL51189.xlsx,51189
258,Osborne Park,https://www.abs.gov.au/census/find-census-data/community-profiles/2021/SAL51190/download/GCP_SAL51190.xlsx,51190
259,Padbury,https://www.abs.gov.au/census/find-census-data/community-profiles/2021/SAL51192/download/GCP_SAL51192.xlsx,51192
260,Palmyra,https://www.abs.gov.au/census/find-census-data/community-profiles/2021/SAL51197/download/GCP_SAL51197.xlsx,51197
261,Parkerville,https://www.abs.gov.au/census/find-census-data/community-profiles/2021/SAL51205/download/GCP_SAL51205.xlsx,51205
262,Parklands,https://www.abs.gov.au/census/find-census-data/community-profiles/2021/SAL51208/download/GCP_SAL51208.xlsx,51208
263,Parkwood,https://www.abs.gov.au/census/find-census-data/community-profiles/2021/SAL51209/download/GCP_SAL51209.xlsx,51209
264,Parmelia,https://www.abs.gov.au/census/find-census-data/community-profiles/2021/SAL51210/download/GCP_SAL51210.xlsx,51210
265,Paulls Valley,https://www.abs.gov.au/census/find-census-data/community-profiles/2021/SAL51213/download/GCP_SAL51213.xlsx,51213
266,Pearsall,https://www.abs.gov.au/census/find-census-data/community-profiles/2021/SAL51219/download/GCP_SAL51219.xlsx,51219
267,Peppermint Grove,https://www.abs.gov.au/census/find-census-data/community-profiles/2021/SAL51225/download/GCP_SAL51225.xlsx,51225
268,Peron,https://www.abs.gov.au/census/find-census-data/community-profiles/2021/SAL51229/download/GCP_SAL51229.xlsx,51229
269,Perth,https://www.abs.gov.au/census/find-census-data/community-profiles/2021/SAL51230/download/GCP_SAL51230.xlsx,51230
270,Piara Waters,https://www.abs.gov.au/census/find-census-data/community-profiles/2021/SAL51234/download/GCP_SAL51234.xlsx,51234
271,Pickering Brook,https://www.abs.gov.au/census/find-census-data/community-profiles/2021/SAL51237/download/GCP_SAL51237.xlsx,51237
272,Piesse Brook,https://www.abs.gov.au/census/find-census-data/community-profiles/2021/SAL51240/download/GCP_SAL51240.xlsx,51240
273,Pinjar,https://www.abs.gov.au/census/find-census-data/community-profiles/2021/SAL51246/download/GCP_SAL51246.xlsx,51246
274,Port Kennedy,https://www.abs.gov.au/census/find-census-data/community-profiles/2021/SAL51260/download/GCP_SAL51260.xlsx,51260
275,Queens Park,https://www.abs.gov.au/census/find-census-data/community-profiles/2021/SAL51271/download/GCP_SAL51271.xlsx,51271
276,Quinns Rocks,https://www.abs.gov.au/census/find-census-data/community-profiles/2021/SAL51278/download/GCP_SAL51278.xlsx,51278
277,Red Hill,https://www.abs.gov.au/census/find-census-data/community-profiles/2021/SAL51285/download/GCP_SAL51285.xlsx,51285
278,Redcliffe,https://www.abs.gov.au/census/find-census-data/community-profiles/2021/SAL51287/download/GCP_SAL51287.xlsx,51287
279,Ridgewood,https://www.abs.gov.au/census/find-census-data/community-profiles/2021/SAL51296/download/GCP_SAL51296.xlsx,51296
280,Riverton,https://www.abs.gov.au/census/find-census-data/community-profiles/2021/SAL51298/download/GCP_SAL51298.xlsx,51298
281,Rivervale,https://www.abs.gov.au/census/find-census-data/community-profiles/2021/SAL51299/download/GCP_SAL51299.xlsx,51299
282,Rockingham,https://www.abs.gov.au/census/find-census-data/community-profiles/2021/SAL51301/download/GCP_SAL51301.xlsx,51301
283,Roleystone,https://www.abs.gov.au/census/find-census-data/community-profiles/2021/SAL51308/download/GCP_SAL51308.xlsx,51308
284,Rossmoyne,https://www.abs.gov.au/census/find-census-data/community-profiles/2021/SAL51312/download/GCP_SAL51312.xlsx,51312
285,Rottnest Island,https://www.abs.gov.au/census/find-census-data/community-profiles/2021/SAL51314/download/GCP_SAL51314.xlsx,51314
286,Safety Bay,https://www.abs.gov.au/census/find-census-data/community-profiles/2021/SAL51319/download/GCP_SAL51319.xlsx,51319
287,Salter Point,https://www.abs.gov.au/census/find-census-data/community-profiles/2021/SAL51321/download/GCP_SAL51321.xlsx,51321
288,Samson,https://www.abs.gov.au/census/find-census-data/community-profiles/2021/SAL51322/download/GCP_SAL51322.xlsx,51322
289,San Remo,https://www.abs.gov.au/census/find-census-data/community-profiles/2021/SAL51323/download/GCP_SAL51323.xlsx,51323
290,Sawyers Valley,https://www.abs.gov.au/census/find-census-data/community-profiles/2021/SAL51328/download/GCP_SAL51328.xlsx,51328
291,Scarborough,https://www.abs.gov.au/census/find-census-data/community-profiles/2021/SAL51330/download/GCP_SAL51330.xlsx,51330
292,Secret Harbour,https://www.abs.gov.au/census/find-census-data/community-profiles/2021/SAL51337/download/GCP_SAL51337.xlsx,51337
293,Serpentine,https://www.abs.gov.au/census/find-census-data/community-profiles/2021/SAL51339/download/GCP_SAL51339.xlsx,51339
294,Seville Grove,https://www.abs.gov.au/census/find-census-data/community-profiles/2021/SAL51340/download/GCP_SAL51340.xlsx,51340
295,Shelley,https://www.abs.gov.au/census/find-census-data/community-profiles/2021/SAL51345/download/GCP_SAL51345.xlsx,51345
296,Shenton Park,https://www.abs.gov.au/census/find-census-data/community-profiles/2021/SAL51346/download/GCP_SAL51346.xlsx,51346
297,Shoalwater,https://www.abs.gov.au/census/find-census-data/community-profiles/2021/SAL51348/download/GCP_SAL51348.xlsx,51348
298,Silver Sands,https://www.abs.gov.au/census/find-census-data/community-profiles/2021/SAL51351/download/GCP_SAL51351.xlsx,51351
299,Sinagra,https://www.abs.gov.au/census/find-census-data/community-profiles/2021/SAL51352/download/GCP_SAL51352.xlsx,51352
300,Singleton,https://www.abs.gov.au/census/find-census-data/community-profiles/2021/SAL51354/download/GCP_SAL51354.xlsx,51354
301,Sorrento,https://www.abs.gov.au/census/find-census-data/community-profiles/2021/SAL51360/download/GCP_SAL51360.xlsx,51360
302,South Fremantle,https://www.abs.gov.au/census/find-census-data/community-profiles/2021/SAL51368/download/GCP_SAL51368.xlsx,51368
303,South Guildford,https://www.abs.gov.au/census/find-census-data/community-profiles/2021/SAL51371/download/GCP_SAL51371.xlsx,51371
304,South Lake,https://www.abs.gov.au/census/find-census-data/community-profiles/2021/SAL51377/download/GCP_SAL51377.xlsx,51377
305,South Perth,https://www.abs.gov.au/census/find-census-data/community-profiles/2021/SAL51381/download/GCP_SAL51381.xlsx,51381
306,Southern River,https://www.abs.gov.au/census/find-census-data/community-profiles/2021/SAL51394/download/GCP_SAL51394.xlsx,51394
307,Spearwood,https://www.abs.gov.au/census/find-census-data/community-profiles/2021/SAL51396/download/GCP_SAL51396.xlsx,51396
308,St James,https://www.abs.gov.au/census/find-census-data/community-profiles/2021/SAL51402/download/GCP_SAL51402.xlsx,51402
309,Stirling,https://www.abs.gov.au/census/find-census-data/community-profiles/2021/SAL51405/download/GCP_SAL51405.xlsx,51405
310,Stoneville,https://www.abs.gov.au/census/find-census-data/community-profiles/2021/SAL51408/download/GCP_SAL51408.xlsx,51408
311,Stratton,https://www.abs.gov.au/census/find-census-data/community-profiles/2021/SAL51413/download/GCP_SAL51413.xlsx,51413
312,Subiaco,https://www.abs.gov.au/census/find-census-data/community-profiles/2021/SAL51416/download/GCP_SAL51416.xlsx,51416
313,Success,https://www.abs.gov.au/census/find-census-data/community-profiles/2021/SAL51417/download/GCP_SAL51417.xlsx,51417
314,Swan View,https://www.abs.gov.au/census/find-census-data/community-profiles/2021/SAL51420/download/GCP_SAL51420.xlsx,51420
315,Swanbourne,https://www.abs.gov.au/census/find-census-data/community-profiles/2021/SAL51421/download/GCP_SAL51421.xlsx,51421
316,Tapping,https://www.abs.gov.au/census/find-census-data/community-profiles/2021/SAL51435/download/GCP_SAL51435.xlsx,51435
317,The Lakes,https://www.abs.gov.au/census/find-census-data/community-profiles/2021/SAL51443/download/GCP_SAL51443.xlsx,51443
318,The Vines,https://www.abs.gov.au/census/find-census-data/community-profiles/2021/SAL51446/download/GCP_SAL51446.xlsx,51446
319,Thornlie,https://www.abs.gov.au/census/find-census-data/community-profiles/2021/SAL51448/download/GCP_SAL51448.xlsx,51448
320,Treeby,https://www.abs.gov.au/census/find-census-data/community-profiles/2021/SAL51467/download/GCP_SAL51467.xlsx,51467
321,Trigg,https://www.abs.gov.au/census/find-census-data/community-profiles/2021/SAL51470/download/GCP_SAL51470.xlsx,51470
322,Tuart Hill,https://www.abs.gov.au/census/find-census-data/community-profiles/2021/SAL51472/download/GCP_SAL51472.xlsx,51472
323,Two Rocks,https://www.abs.gov.au/census/find-census-data/community-profiles/2021/SAL51475/download/GCP_SAL51475.xlsx,51475
324,Upper Swan,https://www.abs.gov.au/census/find-census-data/community-profiles/2021/SAL51482/download/GCP_SAL51482.xlsx,51482
325,Victoria Park,https://www.abs.gov.au/census/find-census-data/community-profiles/2021/SAL51490/download/GCP_SAL51490.xlsx,51490
326,Viveash,https://www.abs.gov.au/census/find-census-data/community-profiles/2021/SAL51494/download/GCP_SAL51494.xlsx,51494
327,Waikiki,https://www.abs.gov.au/census/find-census-data/community-profiles/2021/SAL51502/download/GCP_SAL51502.xlsx,51502
328,Walliston,https://www.abs.gov.au/census/find-census-data/community-profiles/2021/SAL51508/download/GCP_SAL51508.xlsx,51508
329,Wandi,https://www.abs.gov.au/census/find-census-data/community-profiles/2021/SAL51519/download/GCP_SAL51519.xlsx,51519
330,Wangara,https://www.abs.gov.au/census/find-census-data/community-profiles/2021/SAL51523/download/GCP_SAL51523.xlsx,51523
331,Wannanup,https://www.abs.gov.au/census/find-census-data/community-profiles/2021/SAL51525/download/GCP_SAL51525.xlsx,51525
332,Wanneroo,https://www.abs.gov.au/census/find-census-data/community-profiles/2021/SAL51526/download/GCP_SAL51526.xlsx,51526
333,Warnbro,https://www.abs.gov.au/census/find-census-data/community-profiles/2021/SAL51534/download/GCP_SAL51534.xlsx,51534
334,Warwick,https://www.abs.gov.au/census/find-census-data/community-profiles/2021/SAL51541/download/GCP_SAL51541.xlsx,51541
335,Waterford,https://www.abs.gov.au/census/find-census-data/community-profiles/2021/SAL51544/download/GCP_SAL51544.xlsx,51544
336,Watermans Bay,https://www.abs.gov.au/census/find-census-data/community-profiles/2021/SAL51546/download/GCP_SAL51546.xlsx,51546
337,Wattle Grove,https://www.abs.gov.au/census/find-census-data/community-profiles/2021/SAL51549/download/GCP_SAL51549.xlsx,51549
338,Wattleup,https://www.abs.gov.au/census/find-census-data/community-profiles/2021/SAL51550/download/GCP_SAL51550.xlsx,51550
339,Wellard,https://www.abs.gov.au/census/find-census-data/community-profiles/2021/SAL51558/download/GCP_SAL51558.xlsx,51558
340,Welshpool,https://www.abs.gov.au/census/find-census-data/community-profiles/2021/SAL51563/download/GCP_SAL51563.xlsx,51563
341,Wembley,https://www.abs.gov.au/census/find-census-data/community-profiles/2021/SAL51564/download/GCP_SAL51564.xlsx,51564
342,Wembley Downs,https://www.abs.gov.au/census/find-census-data/community-profiles/2021/SAL51565/download/GCP_SAL51565.xlsx,51565
343,West Leederville,https://www.abs.gov.au/census/find-census-data/community-profiles/2021/SAL51578/download/GCP_SAL51578.xlsx,51578
344,West Perth,https://www.abs.gov.au/census/find-census-data/community-profiles/2021/SAL51580/download/GCP_SAL51580.xlsx,51580
345,West Swan,https://www.abs.gov.au/census/find-census-data/community-profiles/2021/SAL51585/download/GCP_SAL51585.xlsx,51585
346,Westminster,https://www.abs.gov.au/census/find-census-data/community-profiles/2021/SAL51588/download/GCP_SAL51588.xlsx,51588
347,Whitby,https://www.abs.gov.au/census/find-census-data/community-profiles/2021/SAL51592/download/GCP_SAL51592.xlsx,51592
348,White Gum Valley,https://www.abs.gov.au/census/find-census-data/community-profiles/2021/SAL51593/download/GCP_SAL51593.xlsx,51593
349,Whiteman,https://www.abs.gov.au/census/find-census-data/community-profiles/2021/SAL51595/download/GCP_SAL51595.xlsx,51595
350,Willagee,https://www.abs.gov.au/census/find-census-data/community-profiles/2021/SAL51610/download/GCP_SAL51610.xlsx,51610
351,Willetton,https://www.abs.gov.au/census/find-census-data/community-profiles/2021/SAL51612/download/GCP_SAL51612.xlsx,51612
352,Wilson,https://www.abs.gov.au/census/find-census-data/community-profiles/2021/SAL51617/download/GCP_SAL51617.xlsx,51617
353,Winthrop,https://www.abs.gov.au/census/find-census-data/community-profiles/2021/SAL51623/download/GCP_SAL51623.xlsx,51623
354,Woodbridge,https://www.abs.gov.au/census/find-census-data/community-profiles/2021/SAL51637/download/GCP_SAL51637.xlsx,51637
355,Woodlands,https://www.abs.gov.au/census/find-census-data/community-profiles/2021/SAL51638/download/GCP_SAL51638.xlsx,51638
356,Woodvale,https://www.abs.gov.au/census/find-census-data/community-profiles/2021/SAL51641/download/GCP_SAL51641.xlsx,51641
357,Wooroloo,https://www.abs.gov.au/census/find-census-data/community-profiles/2021/SAL51646/download/GCP_SAL51646.xlsx,51646
358,Wungong,https://www.abs.gov.au/census/find-census-data/community-profiles/2021/SAL51652/download/GCP_SAL51652.xlsx,51652
359,Yanchep,https://www.abs.gov.au/census/find-census-data/community-profiles/2021/SAL51667/download/GCP_SAL51667.xlsx,51667
360,Yangebup,https://www.abs.gov.au/census/find-census-data/community-profiles/2021/SAL51670/download/GCP_SAL51670.xlsx,51670
361,Yokine,https://www.abs.gov.au/census/find-census-data/community-profiles/2021/SAL51688/download/GCP_SAL51688.xlsx,51688
362,Ashendon,No information can be provided because the area selected had no people or a very low population in the 2021 Census.,ensus
363,Clifton,No information can be provided because the area selected had no people or a very low population in the 2021 Census.,ensus
364,Gorrie,No information can be provided because the area selected had no people or a very low population in the 2021 Census.,ensus
365,Herdsman,No information can be provided because the area selected had no people or a very low population in the 2021 Census.,ensus
366,Keralup,No information can be provided because the area selected had no people or a very low population in the 2021 Census.,ensus
367,Melaleuca,No information can be provided because the area selected had no people or a very low population in the 2021 Census.,ensus
368,Perth Airport,No information can be provided because the area selected had no people or a very low population in the 2021 Census.,ensus
369,Postans,No information can be provided because the area selected had no people or a very low population in the 2021 Census.,ensus
370,Reservoir,No information can be provided because the area selected had no people or a very low population in the 2021 Census.,ensus
371,Tamala Park,No information can be provided because the area selected had no people or a very low population in the 2021 Census.,ensus
372,The Spectacles,No information can be provided because the area selected had no people or a very low population in the 2021 Census.,ensus
